{
  "information": "Profile information",
  "basket_information": "Basket information",
  "btn_name": "Request for information",
  "first_name": "First Name",
  "last_name": "Last Name",
  "email": "Email",
  "phone": "Phone Number",
  "address": "Address",
  "delivery_address": "Delivery Address",
  "choose_address": "Choose Address",
  "work": "Work",
  "home": "Home",
  "pickup": "Pickup",
  "city": "City",
  "district": "District",
  "full_address": "Full Address",
  "map": "Map",
  "additional_info": "Additional Information",
  "payment_method": "Payment Method",
  "products": "Products",
  "checkout": "Check Out",
  "birth_date": "Birth date",
  "gender": "Gender",
  "male": "Male",
  "female": "Female",
  "please_fill": "Please fill in the required fields",
  "please_select": "Please select",
  "please_select_city": "Please select city",
  "please_select_district": "Please select district",
  "call_before_delivery": "Call before delivery",
  "deliver_in_the_evening": "Deliver in the evening",
  "placeholder_full_address": "Please enter your full address",
  "new": "Add new address",
  "address_name": "Address name",
  "receiver_name": "Receiver name",
  "receiver_phone": "Receiver phone",
  "continue_shopping": "Continue Shopping",
  "delete": "Delete address",
  "delete_address": "You are deleting address",
  "confirm_email": "Get Confirm email",
  "confirm_phone": "Get Confirm phone",
  "save": "Save",
  "empty_address_text": "You don't have any address yet"
}
