{
  "about_us": "About Us",
  "contact_us": "Contact Us",
  "home": "Home",
  "login": "Login",
  "logout": "Logout",
  "continue": "Continue",
  "register": "Register",
  "recieve_code": "Please enter last received verification code",
  "recieve_code_email": "Please check your email and  enter last received verification code",
  "agree_text": "By creating an account, you agree to ROC's Conditions of Use and Privacy Notice.",
  "already_registered": "Already have account?",
  "email_or_phone": "Please fill Email or Phone",
  "new_customer": "New Customer",
  "search": "Search",
  "search_placeholder": "Search for products",
  "coffee": "Coffee",
  "service": "Service",
  "shop": "Shop",
  "blog": "Blog",
  "branch": "Branch",
  "history": "History",
  "team": "Team",
  "how_we_roast": "How We Roast",
  "partners_sourcing": "Partners & Sourcing",
  "all_cofee": "All Coffee",
  "coffee_bean": "Coffee Bean",
  "cold_brew": "Cold Brew",
  "blend": "Blend",
  "hello": "Hello",
  "welcome": "Welcome to ROC",
  "our_story": "Our story",
  "who_we_are": "Who we are",
  "keep_it_touch": "Keep it touch!",
  "sign_up": "Sign up",
  "keep_it_touch_more": "Register your email address to receive information about new branches and products, pre-order opportunities, exciting discoveries, special offers, and exclusive purchasing privileges",
  "beans": "BEANS",
  "espresso_machines": "ESPRESSO MACHINES",
  "merchendies": "MERCHINDIES",
  "roasting": "ROASTING TO A TASTE",
  "whole_sale": "WHOLESALE",
  "catering": "CATERING & COFFEE TRUCK",
  "distrubution": "DISTRIBUTION & MAINTANENCE",
  "products": "Products",
  "work_at_roc": "Work at ROC",
  "address_and_location": "Address and Location",
  "address_value": "Buddha vista, Khan-Uul dustrict, Ulaanbaatar, Mongolia",
  "view": "View"
}
