{
  "name": "ROC CHOIJIN",
  "main_text": "Our ROC Choijin branch is located at the heart of the business district in Ulaanbaatar and is able to cater to both sit-in or take-away for our customers. This branch does not serve any food but provides for a comfortable and convenient location for any occasion. Although smaller than the others, it has sufficient seating both indoors and outdoors on the terrace.",
  "image_1": "/assets/branches/choijin_page_1.png",
  "image_2": "/assets/branches/choijin_page_2.png",
  "phone": "Phone: +976 7721 3333",
  "address": "  Address:   R.O.C. Choijin, 1st Floor, Choijin Suites, Sukhbaatar District, Ulaanbaatar, Mongolia",
  "work_hours": "Weekdays: 07:00-19:00",
  "map": "https://www.google.com/maps/dir//Choijin+Suites+Jamyan+Gun+Street+22+%D0%A3%D0%BB%D0%B0%D0%B0%D0%BD%D0%B1%D0%B0%D0%B0%D1%82%D0%B0%D1%80/@47.9158926,106.919168,16z/data=!4m8!4m7!1m0!1m5!1m1!1s0x5d969246313b247d:0xd09c82e3ffbc4294!2m2!1d106.919168!2d47.9158926"
}
