{
  "information": "Захиалагчийн мэдээлэл",
  "basket_information": "Сагсны мэдээлэл",
  "btn_name": "Request for information",
  "first_name": "Нэр",
  "last_name": "Овог",
  "email": "Имэйл хаяг",
  "phone": "Утасны дугаар",
  "address": "Address",
  "delivery_address": "ХҮРГЭЛТИЙН ХАЯГ",
  "choose_address": "Хаяг сонгох",
  "work": "Ажил",
  "home": "Гэр",
  "pickup": "Очиж авах",
  "city": "Хот",
  "district": "Дүүрэг",
  "full_address": "Дэлгэрэнгүй хаяг",
  "map": "Газрын зураг",
  "additional_info": "Нэмэлт мэдээлэл",
  "payment_method": "ТӨЛБӨРИЙН МЭДЭЭЛЭЛ",
  "products": "Бүтээгдэхүүн",
  "checkout": "Төлбөр төлөх",
  "birth_date": "Төрсөн огноо",
  "gender": "Хүйс",
  "male": "Эрэгтэй",
  "female": "Эмэгтэй",
  "please_fill": "Энэ талбарыг заавал бөглөнө үү",
  "please_select": "Сонгоно уу",
  "please_select_city": "Хот/Аймаг сонгоно уу",
  "please_select_district": "Дүүрэг/Сум сонгоно уу",
  "call_before_delivery": "Хүргэлтийн өмнө залгах",
  "deliver_in_the_evening": "Оройн цагаар хүргэх",
  "placeholder_full_address": "Хаягаа зөв, дэлгэрэнгүй бичнэ үү",
  "new": "Шинээр нэмэх",
  "address_name": "Хаягийн нэр",
  "receiver_name": "Хүлээн авагчийн нэр",
  "receiver_phone": "Хүлээн авагчийн утасны дугаар",
  "continue_shopping": "Худалдан авалт хийх",
  "delete": "Хаяг устгах",
  "delete_address": "Сонгосон хаяг устгах гэж байна",
  "confirm_email": "Баталгаажуулах Имэйл авах",
  "confirm_phone": "Баталгаажуулах Код авах",
  "save": "Хадгалах",
  "empty_address_text": "Та хүргэлтийн хаягаа оруулснаар захиалга хийхдээ тухайн хаягийг хялбар ашиглах боломжтой"
}
