{
  "name": "ROC FOUNTAIN",
  "main_text": "The recently renovated ROC Drink Bar branch adds a new color to the coffee bars of Mongolia and serves special drinks tailored for both day and night. We take pride in serving a variety of alcoholic beverages to cater to our customers' preferences. <br/> <br/>Additionally, we feature a scrumptious breakfast menu and a selection of main dishes, prepared by our talented kitchen staff. From hearty breakfast options to satisfying main courses, we ensure a delectable dining experience.Upon entering our branch, you will be warmly welcomed by our attentive staff, including our skilled baristas, who are experts in crafting exceptional coffee beverages.",
  "image_1": "/assets/branches/fountain_page_1.png",
  "image_2": "/assets/branches/fountain_page_2.png",
  "phone": "Phone: +976 7721 3333",
  "address": "Address: R.O.C. Drink Bar, 60th Building (South of State Department Store)<br/> 40th Myangat street, Sukhbaatar District, Ulaanbaatar, Mongolia.",
  "work_hours": "Monday- Saturday: 07:00 - 20:00 <br/>Sunday: 07:00-20:00",
  "map": "https://www.google.com/maps/dir//R.O.C,+%D0%A5%D0%B8%D1%87%D1%8D%D1%8D%D0%BD%D0%B3%D2%AF%D0%B9+%D0%A1%D0%B0%D0%B9%D0%B4+%D0%A6%D1%8D%D1%80%D1%8D%D0%BD%D0%B4%D0%BE%D1%80%D0%B6%D0%B8%D0%B9%D0%BD+%D0%93%D1%83%D0%B4%D0%B0%D0%BC%D0%B6,+%D0%A3%D0%BB%D0%B0%D0%B0%D0%BD%D0%B1%D0%B0%D0%B0%D1%82%D0%B0%D1%80/@47.9146571,106.9063011,18.72z/data=!4m8!4m7!1m0!1m5!1m1!1s0x5d96937b3d438a1f:0xdbefbde08884470f!2m2!1d106.9062558!2d47.9147877"
}
