{
  "about_us": "Бидний тухай",
  "contact_us": "Холбоо барих",
  "home": "Нүүр",
  "login": "Нэвтрэх",
  "logout": "Гарах",
  "continue": "Үргэлжлүүлэх",
  "register": "Бүртгүүлэх",
  "recieve_code": "Таны утсанд илгээсэн сүүлийн кодыг оруулна уу",
  "recieve_email_code": "Таны И-Мэйл хаягт илгээсэн сүүлийн кодыг оруулна уу",
  "agree_text": "И-мэйл хаяг, утасны дугаараа оруулан үргэлжлүүлэх товчийг дарснаар таныг тус вебсайтын Үйлчилгээний нөхцөл болон Нууцлалын бодлогыг хүлээн зөвшөөрсөнд тооцно.",
  "already_registered": "Бүртгэлэй хэрэглэгч үү?",
  "email_or_phone": "Имэйл хаяг эсвэл утасны дугаараа оруулна уу",
  "new_customer": "Шинэ хэрэглэгч үү",
  "search": "Хайх",
  "search_placeholder": "Бүтээгдэхүүн хайх",
  "coffee": "Кофе",
  "service": "Үйлчилгээ",
  "shop": "Дэлгүүр",
  "blog": "Блог",
  "branch": "Салбар",
  "history": "Түүх",
  "team": "Манай баг",
  "how_we_roast": "How We Roast",
  "partners_sourcing": "Partners & Sourcing",
  "all_cofee": "Бүх Кофе",
  "coffee_bean": "Кофены үр",
  "cold_brew": "Cold Brew",
  "blend": "Blend",
  "hello": "Сайн уу",
  "welcome": "ROC-д тавтай морил",
  "our_story": "Бидний түүх",
  "who_we_are": "Who we are",
  "keep_it_touch": "Холбоотой байя!",
  "sign_up": "Бүртгүүлэх",
  "keep_it_touch_more": "  Шинэ салбар, шинээр ирсэн бараа бүтээгдэхүүний мэдээллийг хүлээн  авах, урьдчилсан захиалга хийх, сонирхолтой нээлт, онцгой санал,  худалдан авалтын онцгой эрх хүлээн авах бол и-мэйл хаягаа бүртгүүлнэ  үү.",
  "beans": "BEANS",
  "espresso_machines": "ESPRESSO MACHINES",
  "merchendies": "MERCHINDIES",
  "roasting": "ROASTING TO A TASTE",
  "whole_sale": "WHOLESALE",
  "catering": "CATERING & COFFEE TRUCK",
  "distrubution": "DISTRIBUTION & MAINTANENCE",
  "products": "Бүтээгдэхүүн",
  "work_at_roc": "Roc-д ажиллах",
  "address_and_location": "Хаяг, Байршил",
  "address_value": "Будда Виста, Хан-Уул Дүүрэг, Улаанбаатар, Монгол",
  "view": "Дэлгэрэнгүй"
}
