{
  "name": "ROC MPM",
  "main_text": "Our special MPM Building branch offers our unique “Digital” platform which enables customers to order their drinks online from their desk without the use of paper via Monpay application provided by Mobicom<br/> <br/> It offers the perfect ambiance and brightness for work meetings and also includes a private room for 4-6 people for meetings and other work related purposes. Although the branch is located in an office, it can accommodate for both sit-in and take-away purposes for our customers.",
  "image_1": "/assets/branches/mpm_page_1.png",
  "image_2": "/assets/branches/mpm_page_2.png",
  "phone": "Phone: +976 7721 3333",
  "address": "  Address: 1st Floor, MPM Building, Bayanzurkh District, Ulaanbaatar, Mongolia",
  "work_hours": "Weekdays: 07:30-18:30",
  "map": "https://www.google.com/maps/dir//13-%D1%80+%D0%A5%D0%BE%D1%80%D0%BE%D0%BE%D0%BB%D0%BE%D0%BB,+%D0%A3%D0%BB%D0%B0%D0%B0%D0%BD%D0%B1%D0%B0%D0%B0%D1%82%D0%B0%D1%80/@47.9142012,106.9310035,19.94z/data=!4m8!4m7!1m0!1m5!1m1!1s0x5d96923a1760c20b:0xe26aa0c504cf91db!2m2!1d106.9307549!2d47.914157"
}
