{
  "about": "Бидний тухай",
  "add_to_cart": "Сагсанд нэмэх",
  "buy_now": "Худалдаж авах",
  "grinder_type": "Бутлах төрөл",
  "whole_bean": "Үрээрээ",
  "shopping_cart": "Таны сагсанд",
  "subtotal": "Нийт",
  "checkout": "Захиалах",
  "delete_item": "Бүтээгдхүүнийг сагснаас хасах гэж байна!",
  "empty_cart": "Таны сагс хоосон байна",
  "additional_information": "Нэмэлт анхааруулга",
  "grind": "Бутлах",
  "coffee_list": "Санал болгох кофены үр",
  "recomended_products": "Санал болгох Бүтээгдхүүнүүд",
  "view": "Дэлгэрэнгүй",
  "read_more": "Бүгдийг үзэх",
  "our_story": "Бидний түүх",
  "our_story_description": "Six years ago we started as a local coffee shop and coffee roaster with a Probatone 5.",
  "who_we_are": "Who we are",
  "how_we_roast": "How we roast",
  "how_we_roast_description": "We only use world-class professional coffee equipment. Our roastery is exclusively equipped with Probat roasting machineries.",
  "partners_sourcing": "Partners sourcing",
  "partners_sourcing_description": "As a country that doesn’t produce green coffee beans, maintaining our fresh “crop-to-cup” principle comes with a certain set of challenges.",
  "branch_one_name": "ROC Choijin",
  "branch_one_description": "Our ROC Choijin branch is located at the heart of the business district in Ulaanbaatar and is able to cater to both sit-in or take-away for our customers.",
  "branch_one_location": "R.O.C. Choijin, 1st Floor, Choijin Suites, Sukhbaatar District, Ulaanbaatar, Mongolia.",
  "branch_two_name": "ROC Fountain",
  "branch_two_description": "The recently renovated ROC Drink Bar branch adds a new color to the coffee bars of Mongolia and serves special drinks tailored for both day and night. We take pride in serving a variety of alcoholic beverages to cater to our customers' preferences",
  "branch_two_location": "R.O.C. Drink Bar, 60th Building (South of State Department Store), 40th Myangat street, Sukhbaatar District, Ulaanbaatar, Mongolia.",
  "location": "Хаяг",
  "branches": "Салбарууд",
  "working_hours": "Цагийн хуваарь",
  "choose_grinder_type": "Бутлах төрөл сонгоно уу!",
  "recieve_code_not_valid": "Код буруу байна",
  "shop": "Дэлгүүр",
  "size": "Хэмжээ",
  "auth_wrong": "Буруу бүртгэл оруусан уу",
  "back": "Буцах",
  "fixe": "",
  "order_additional_information": "Кофены захиалга 12 цагаас өмнө хийгдсэн тохиолдолд тухайн өдөртөө ажилын цагаар хүргэгдэж очино. 12 оос хойш баталгаажсан захиалга дараа өдрийн ажилын цагт багтаж хүргэгдэж очихыг анхаарна уу. Бүтэнсайн өдөр хүргэлт хийгддэггүй тул захиалга 1 дэх өдөр ажилын цагаар хүргэгдэхийг анхаарна уу.",

  "register_info": "Бүртгэлийн мэдээлэл"
}
