{
  "name": "ROC UN",
  "main_text": "UN branch is located in the heart of the city and creates a cozy and comfortable environment where you can freely chat over coffee with friends and colleagues.<br/><br/>The branch has a “chill zone” where you can listen to a wide array of records while sipping on your choice of hand-crafted coffee made by our specialist barista with from freshly roasted beans.",
  "image_1": "/assets/branches/un_page_1.png",
  "image_2": "/assets/branches/un_page_2.png",
  "phone": "Phone: +976 7721 3333",
  "address": "  Address: 10th Building, Sukhbaatar street, West of United Nations building, Sukhbaatar District, Ulaanbaatar, Mongolia.",
  "work_hours": "Everyday: 07:00-20:00",
  "map": "https://www.google.com/maps/dir//R.O.C.+(Speciality+Coffee),+%D0%A1%D2%AF%D1%85%D0%B1%D0%B0%D0%B0%D1%82%D0%B0%D1%80+%D0%B4%D2%AF%D2%AF%D1%80%D0%B3%D0%B8%D0%B9%D0%BD+%D0%B1%D0%B0%D0%B9%D1%80,+%D0%A3%D0%BB%D0%B0%D0%B0%D0%BD%D0%B1%D0%B0%D0%B0%D1%82%D0%B0%D1%80/@47.9243749,106.9147972,18.72z/data=!4m8!4m7!1m0!1m5!1m1!1s0x5d9693244da4c97f:0x993b6f9ae15b3b9b!2m2!1d106.9148649!2d47.924296"
}
